5.06303165662536,0,0.0013902907534693
5.07766992146761,1.1386862378388e-05,0.00153358242041174
5.09230818630986,2.50253006739122e-05,0.00200026468819135
5.10694645115212,4.3364517934599e-05,0.00285756423573602
5.12158471599437,7.00855369126814e-05,0.00418872877997303
5.13622298083662,0.000109526882866153,0.00613532502515028
5.15086124567887,0.00016709275436159,0.00892407132353448
5.16549951052112,0.000250584391739389,0.0128338397647036
5.18013777536338,0.000369933492469468,0.0182180106010662
5.19740483341352,0.000573517382863124,0.0270288424582993
5.21467189146367,0.000872758664571235,0.0392673364893935
5.23193894951382,0.0013041833522755,0.0558132807992873
5.24920600756396,0.00191018342953188,0.0775811582413206
5.26396825097351,0.00260400556308435,0.101003324600039
5.27873049438306,0.00350021993408067,0.129319772328544
5.29349273779261,0.00463801347343546,0.162671460292929
5.30825498120216,0.00605511916473224,0.200845816150733
5.32268357520908,0.00774390779181474,0.242316444906438
5.33711216921599,0.0097630586279135,0.28691110018098
5.3515407632229,0.0121296149917394,0.332871790017933
5.36596935722981,0.0148437160270259,0.377679996664413
5.38449764977413,0.0188064832759382,0.428737893903723
5.40302594231845,0.0232020494967222,0.464479911849514
5.42155423486276,0.0278331718665779,0.47542810082077
5.44008252740708,0.0324128561360984,0.452419749137459
5.460212948019,0.0369149190611536,0.379547924311146
5.48034336863092,0.0403166803933092,0.248094374411466
5.50047378924284,0.0419684102212774,0.0557461311504204
5.52060420985476,0.0412852131808329,-0.190509792103639
5.53543103159121,0.0390006521787064,-0.39703889179731
5.55025785332765,0.0350473598881383,-0.612248132969907
5.5650846750641,0.0294068891969282,-0.820897634551482
5.57991149680055,0.0222143870515302,-1.00497758375275
5.594738318537,0.013743916905585,-1.14540402729623
5.60956514027345,0.00441678152274668,-1.22173317407134
5.62439196200989,-0.00520679987025685,-1.21694187647319
5.63921878374634,-0.0144479176850128,-1.12081214786161
5.65152192159752,-0.0212996096487008,-0.969150707876201
5.6638250594487,-0.0269475779584009,-0.754301327068859
5.67612819729988,-0.0309942754255495,-0.483812316607882
5.68843133515106,-0.0331379370440885,-0.171337688546711
5.69837686286965,-0.0333366867052668,0.0995734575939748
5.70832239058823,-0.0320917345012744,0.374621658344392
5.71826791830682,-0.0294084406394147,0.640933968848634
5.7282134460254,-0.0253747502104862,0.885231752956252
5.73815897374399,-0.0201482696809163,1.09435812223806
5.74810450146257,-0.0139448308632348,1.25511674485304
5.75805002918116,-0.00704432872529348,1.3562717497633
5.76799555689975,0.00021644417135059,1.38979553086603
5.77747684068461,0.00713419775748991,1.35433448179573
5.78695812446947,0.0137001457409721,1.25119558432478
5.79643940825434,0.0195759592700275,1.08236794338224
5.80592069203921,0.0244548604637422,0.854262481936236
5.81482421940256,0.0278908045256984,0.594910057772109
5.82372774676592,0.0300199215674626,0.302653506535733
5.83263127412928,0.0307101908147977,-0.00948859653397564
5.84153480149264,0.0299114137587656,-0.326767095979956
5.850438328856,0.0276463913948798,-0.63350963064854
5.85934185621935,0.0239936195074679,-0.91321315064598
5.86824538358271,0.019109828554758,-1.15019561285483
5.87714891094607,0.0132344424416064,-1.33092308164212
5.88523054391435,0.00729298587146464,-1.43686011129711
5.89331217688262,0.00103225194499199,-1.48043509382145
5.9013938098509,-0.00527251573698014,-1.45768862002147
5.90947544281918,-0.0113389659244332,-1.36823073504497
5.91792406515245,-0.0171266689822269,-1.206406055812
5.92637268748572,-0.0220413214787135,-0.980728593099823
5.93482130981899,-0.0258126640591172,-0.70100064488283
5.94326993215226,-0.0282385603207981,-0.380875465351068
5.95087829241415,-0.0291579388855093,-0.0714694881364743
5.95848665267605,-0.028813013583651,0.244396377234284
5.96609501293795,-0.0272000510320039,0.552803899562282
5.97370337319984,-0.0243825831910285,0.83993624331713
5.98131173346174,-0.0204794960388873,1.09260355347907
5.98892009372363,-0.0156513741294771,1.2981122422392
5.99652845398553,-0.0101062935518167,1.44575137421915
6.00413681424742,-0.00409439340451907,1.52785728415294
6.01159448554695,0.00198559303304438,1.5401409380494
6.01905215684647,0.00797369523493642,1.48256170972927
6.026509828146,0.0135942872339552,1.35618438465638
6.03396749944552,0.0185896305522441,1.16593437012344
6.04247040259896,0.0232320287957159,0.881489965954927
6.05097330575239,0.0264554806641135,0.540290092104976
6.05947620890583,0.0280360994809317,0.162053129390764
6.06797911205926,0.027874283371463,-0.230059607113143
6.0764027695826,0.0260060263614998,-0.608099610003508
6.08482642710593,0.0225213871043534,-0.951439421681431
6.09325008462927,0.0176118648825668,-1.23740990147292
6.10167374215261,0.0115860896166986,-1.44735541486195
6.10858409368884,0.00607955360235482,-1.5525794743279
6.11549444522508,0.000311187457684474,-1.59097109587719
6.12240479676132,-0.00546904304284029,-1.55964003155884
6.12931514829756,-0.011009607900374,-1.45933516763215
6.13662448658266,-0.0163409663830351,-1.28252074759565
6.14393382486776,-0.0208558763920346,-1.04036626649155
6.15124316315286,-0.0243168828898383,-0.743889795462788
6.15855250143797,-0.0265497992703822,-0.407614431725261
6.1652877339829,-0.027421138292771,-0.0770339122750545
6.17202296652784,-0.0270997170219607,0.25882849949471
6.17875819907278,-0.025587596566681,0.585230828991373
6.18549343161772,-0.0229492969938416,0.887808892116314
6.19222866416265,-0.0193001166135721,1.15305383371567
6.19896389670759,-0.0147925178664437,1.36824501244958
6.20569912925253,-0.00962068475707595,1.52287831131347
6.21243436179746,-0.00401489932130212,1.60964215130592
6.21908516737566,0.00170043080438868,1.62450129203917
6.22573597295386,0.007338513110406,1.56708072044702
6.23238677853205,0.0126457822290742,1.4388888008774
6.23903758411025,0.0173861509419925,1.2452475238435
6.24666894765596,0.0218585913596878,0.95339616403169
6.25430031120167,0.0250236680007898,0.602836530675051
6.26193167474739,0.0266734189051246,0.213654584778817
6.2695630382931,0.0267121388685248,-0.190828991913355
6.27730029289772,0.0251111814545645,-0.591433783581703
6.28503754750235,0.0219337330664984,-0.95685348346649
6.29277480210698,0.0173592221856424,-1.26319586248793
6.3005120567116,0.0116807722853803,-1.49089474085988
6.30682409778296,0.00648564042084307,-1.60783590907612
6.31313613885431,0.00101478504352716,-1.65638653413356
6.31944817992566,-0.00449824676773898,-1.63359278579066
6.32576022099702,-0.00981811564594619,-1.54015056592159
6.3324651214832,-0.0150039542279671,-1.36782870751062
6.33917002196939,-0.01945225419483,-1.12757695757335
6.34587492245558,-0.0229360820494912,-0.830374770929603
6.35257982294177,-0.0252860448590184,-0.490674069553806
6.35885151614097,-0.0263560883922677,-0.149281815490263
6.36512320934018,-0.0262752602955063,0.199873103917448
6.37139490253938,-0.0250379560365334,0.541471765690116
6.37766659573859,-0.022699146513358,0.860570906696045
6.38393828893779,-0.0193631047906073,1.14311709825215
6.390209982137,-0.0151697118480572,1.37586958750581
6.3964816753362,-0.0102995314072364,1.54781674467533
6.4027533685354,-0.0049687930271904,1.65118810627051
6.40893797843484,0.000507082293296099,1.6813537448692
6.41512258833428,0.00595924724735632,1.63794684899107
6.42130719823372,0.011147217256022,1.5220749585973
6.42749180813316,0.015845049655794,1.33865363144645
6.43452186089891,0.020334125245729,1.05836223107101
6.44155191366467,0.0236568222954282,0.716370906753878
6.44858196643043,0.0256091369535581,0.331580308674845
6.45561201919619,0.0260841840990803,-0.0739044840587197
6.46158498554832,0.025308335151664,-0.417047520176583
6.46755795190045,0.0234702900615614,-0.743627159387159
6.47353091825258,0.0206404956090106,-1.03962695241156
6.47950388460471,0.016938700771109,-1.29258664399653
6.48547685095684,0.0125222345602475,-1.4918275977748
6.49144981730897,0.00757494149272252,-1.62812880665118
6.4974227836611,0.00230490790396183,-1.69503302549944
6.50339575001323,-0.00306432993083544,-1.68961557012627
6.50958682942441,-0.00849096347863219,-1.60792759876997
6.51577790883558,-0.0135240134272386,-1.45167820976692
6.52196898824676,-0.0179265434473197,-1.22737342301133
6.52816006765793,-0.0214974771417848,-0.94533170088228
6.53418646565427,-0.0240196986736438,-0.627790658219777
6.54021286365062,-0.0254785087861816,-0.281667848026973
6.54623926164696,-0.0258015879377017,0.0778633006056689
6.5522656596433,-0.0249771254898247,0.434941603255733
6.55829205763964,-0.0230450316360242,0.77373679345577
6.56431845563599,-0.0200830773033175,1.0786610280795
6.57034485363233,-0.0162175523398026,1.33565023956955
6.57637125162867,-0.0116226502051436,1.5332394248382
6.58215719656722,-0.00671757046156863,1.65881921669004
6.58794314150578,-0.00153402253245165,1.71551141172912
6.59372908644433,0.00371241451071503,1.70035631224185
6.59951503138288,0.00880427562598079,1.61396208769575
6.60573546288882,0.0138659939598448,1.44584203414215
6.61195589439476,0.0182528032707804,1.2070660735084
6.6181763259007,0.0217453098067344,0.908639225843315
6.62439675740665,0.0241775017787142,0.565068788436963
6.63027950329753,0.0253982220086533,0.213784219013982
6.6361622491884,0.0255048743755772,-0.147564200358904
6.64204499507928,0.0244857142034106,-0.503081286413536
6.64792774097016,0.022388083293653,-0.837231431883659
6.65381048686104,0.0193074855569562,-1.13539624575956
6.65969323275192,0.0153738341715893,-1.38383777760933
6.6655759786428,0.0107568302772327,-1.57106810156894
6.67145872453368,0.00566141578499629,-1.6888757431531
6.67725217837301,0.000396169603547706,-1.73206022721075
6.68304563221234,-0.0048848311374148,-1.70033762658142
6.68883908605167,-0.00995186827540787,-1.59449839724266
6.694632539891,-0.0145876322841769,-1.4191547221155
6.70117283668154,-0.019057631504275,-1.14744392309754
6.70771313347207,-0.022468147554755,-0.811498652255916
6.7142534302626,-0.0246197613718843,-0.429405840583921
6.72079372705314,-0.0253994832124664,-0.0224560743542689
6.72647256317112,-0.0249335157554032,0.333298476666668
6.73215139928911,-0.0234150272171225,0.675488423592168
6.73783023540709,-0.0209026619741038,0.989466786316381
6.74350907152508,-0.0175044972854596,1.2620767982541
6.74918790764306,-0.0133665856717528,1.4819117652251
6.75486674376105,-0.00866157890316621,1.63901459772106
6.76054557987903,-0.00358750949510902,1.72620536422348
6.76622441599701,0.00164028107715785,1.73988382377145
6.77207753597587,0.00695511135290739,1.67663701897899
6.77793065595472,0.0119524368872493,1.53705582554978
6.78378377593356,0.0164019478055837,1.3269459621733
6.78963689591242,0.0201045539041719,1.05593755546512
6.79702385309121,0.0234683878669872,0.646478227836834
6.80441081026999,0.0251235953064946,0.189327886360465
6.81179776744878,0.0249277906746604,-0.282840915658204
6.81918472462757,0.0229106506164045,-0.735454872662067
6.82514157162687,0.0200662692903965,-1.06319984947959
6.83109841862616,0.0162652859631746,-1.3405642506443
6.83705526562546,0.0116839916866209,-1.5538341107158
6.84301211262476,0.00654269577737923,-1.69304259108992
6.84863386119955,0.001399848654449,-1.75067085525801
6.85425560977435,-0.00380154330109293,-1.7334689571017
6.85987735834915,-0.00883817544165572,-1.64168733914913
6.86549910692395,-0.0134967644611325,-1.47936957125286
6.8717949196017,-0.0180253465498589,-1.22275695321398
6.87809073227944,-0.0215815435771645,-0.899972393444731
6.88438654495719,-0.0239655800388601,-0.527911653567693
6.89068235763493,-0.025055737405132,-0.126713634205325
6.89627252870868,-0.0248959611469671,0.236307261345072
6.90186269978244,-0.0236727657266579,0.589550260281418
6.90745287085619,-0.0214332807199257,0.917773439264508
6.91304304192994,-0.0182758358297004,1.20710531092025
6.91863321300369,-0.014338435654813,1.4453577752659
6.92422338407745,-0.0097867731123975,1.62175867687997
6.9298135551512,-0.00481409812074447,1.72830696897753
6.93540372622495,0.000366355878518988,1.76062653380506
6.94110877434861,0.00563723108890584,1.71592056020778
6.94681382247228,0.0106537196774306,1.59413248918995
6.95251887059594,0.0151881418805463,1.4002671429156
6.9582239187196,0.0190403235889735,1.14317137219122
6.96524596386738,0.0226050783023416,0.757413656412921
6.97226800901516,0.0246270406899289,0.31966666884886
6.97929005416294,0.0249513675277051,-0.140748264406983
6.98631209931072,0.0235696908038588,-0.59227786742889
6.99234909722812,0.0210991389817367,-0.949545944608051
6.99838609514553,0.0175600937165245,-1.25890629426988
7.00442309306293,0.0131258707136933,-1.50424235751395
7.01046009098033,0.00802411522456248,-1.67344511957105
7.01596094199998,0.00301564628627784,-1.75428523617416
7.02146179301962,-0.00211901925816669,-1.76101788078506
7.02696264403927,-0.00716239670815256,-1.69295019149506
7.03246349505891,-0.0119034113631813,-1.55314119182722
7.03852897641054,-0.0165456772519475,-1.32327688913338
7.04459445776217,-0.0203342126496404,-1.02510338355757
7.0506599391138,-0.0230674505404232,-0.673558047658237
7.05672542046543,-0.0246110331811553,-0.286870193042714
7.06229418759548,-0.0249174268478181,0.0818769335967331
7.06786295472553,-0.0241378578329841,0.447223343597427
7.07343172185558,-0.0223012424432074,0.793135977479544
7.07900048898563,-0.0194910815567917,1.10471780806289
7.08456925611568,-0.0158337341653746,1.36861107989137
7.09013802324573,-0.0114853871508966,1.57278682087011
7.09570679037578,-0.00663369173531104,1.70794426809401
7.10127555750583,-0.00149092591308517,1.76845074533617
7.10686646577904,0.0037387416974534,1.75177703356622
7.11245737405225,0.00880196366055558,1.65771448648287
7.11804828232546,0.0134732532648961,1.49001808820379
7.12363919059867,0.0175496157461857,1.25629708143876
7.13031226906021,0.0213978538686689,0.905773238803393
7.13698534752175,0.023896734273319,0.498068060897971
7.14365842598329,0.0248763293469025,0.0583947192311886
7.15033150444483,0.0242866579588876,-0.385410782306647
7.15659817250267,0.0223482706435776,-0.780859261404463
7.16286484056052,0.0191653829157496,-1.13287536520921
7.16913150861836,0.0149071400792836,-1.42143186819432
7.17539817667621,0.00981602898630141,-1.63090793274523
7.18082048976376,0.0049619607855852,-1.73955153527492
7.18624280285132,-9.85452841172075e-05,-1.7754235825228
7.19166511593887,-0.00515363121981456,-1.73667769184614
7.19708742902643,-0.0099936813397011,-1.6251754950711
7.2029489266707,-0.0147543361298197,-1.42859977202574
7.20881042431498,-0.0187913802077479,-1.16205500692812
7.21467192195925,-0.0219023261440266,-0.838237129877062
7.22053341960353,-0.0239408551344772,-0.473145745093807
7.22607252842769,-0.0247969394201653,-0.106470448289893
7.23161163725184,-0.0245667986802861,0.264908365458546
7.237150746076,-0.0232556711947045,0.624660426550259
7.24268985490015,-0.0209250840558482,0.957206705809813
7.24822896372431,-0.0176816595127378,1.24821472468699
7.25376807254847,-0.0136636508352878,1.48449414996325
7.25930718137262,-0.0090446067269251,1.65537071360697
7.26484629019678,-0.00402788718472513,1.75367429802249
7.27035062619893,0.00113325594329357,1.77558006233454
7.27585496220108,0.0062439868294873,1.72049411523259
7.28135929820323,0.0110814912644087,1.59046268907869
7.28686363420538,0.0154390726792519,1.39137371254164
7.29320802451667,0.0196294531243957,1.08798628394182
7.29955241482797,0.022687575815292,0.72194846286727
7.30589680513926,0.0244285051102198,0.313949309735797
7.31224119545056,0.0247616882630893,-0.112375326062324
7.31895608214806,0.0235754126202412,-0.556341879147725
7.32567096884555,0.0208674707617182,-0.964302413643847
7.33238585554305,0.0167995660949734,-1.309529794128
7.33910074224055,0.0116444786390047,-1.570337694702
7.34450062563451,0.00694348922670014,-1.70754225653002
7.34990050902847,0.00195308824147899,-1.77328381755198
7.35530039242243,-0.00311812409878378,-1.76450991332778
7.36070027581639,-0.00805961854464248,-1.68188445871813
7.36647145352436,-0.0129674404895281,-1.51629570314379
7.37224263123232,-0.0172541227453678,-1.27826503618026
7.37801380894029,-0.0207108408539848,-0.978853099303597
7.38378498664826,-0.0231781676798061,-0.632564994515062
7.38932237977511,-0.0245117064185959,-0.271762347630964
7.39485977290196,-0.0247658558990215,0.100933554255144
7.40039716602881,-0.0239247947925269,0.469093445396715
7.40593455915565,-0.0220302148399405,0.816672248670735
7.4114719522825,-0.019170671836021,1.12859333356189
7.41700934540935,-0.0154678269660385,1.39074953774683
7.4225467385362,-0.0110818595876993,1.59133981321366
7.42808413166305,-0.00620720869746824,1.72189869242434
7.43353536426738,-0.00114067251535164,1.77683151582831
7.43898659687171,0.00397332037764108,1.75593445130703
7.44443782947604,0.00891580375554232,1.65980949202268
7.44988906208038,0.0134786630505842,1.49285413355248
7.45601643495531,0.0179198118609816,1.23000719584318
7.46214380783024,0.0213943173976805,0.901016405064853
7.46827118070518,0.0237085204150915,0.523272049552018
7.47439855358011,0.0247463155189432,0.117280428376545
7.47984656836285,0.0245576227814233,-0.249569526344176
7.48529458314558,0.0233229489046643,-0.605665574961635
7.49074259792832,0.0210910982896195,-0.935729215271879
7.49619061271105,0.017960677593889,-1.22595520856987
7.50163862749379,0.0140687107535939,-1.46430402206752
7.50708664227652,0.009578718401307,-1.64022784620518
7.51253465705926,0.00468038833115717,-1.74597650607682
7.51798267184199,-0.000417945796905588,-1.77741653521937
7.52356745867374,-0.00562577451423167,-1.7315898872791
7.52915224550549,-0.0105807867801762,-1.60838244855112
7.53473703233723,-0.0150595254612862,-1.41301726960637
7.54032181916898,-0.0188660439745446,-1.15450957373295
7.5472142416507,-0.0224015420143549,-0.766189685552501
7.55410666413242,-0.0244138064377913,-0.326087768729213
7.56099908661414,-0.0247518893347946,0.13633841640453
7.56789150909586,-0.0234086076372082,0.589589430993721
7.57383192666519,-0.0209824260189682,0.949090884152494
7.57977234423451,-0.0174981642039123,1.26049848746346
7.58571276180383,-0.0131267991325316,1.50780881287098
7.59165317937315,-0.00809228766831629,1.67906186543813
7.59707467558029,-0.00313691500107131,1.7620447422854
7.60249617178742,0.00194906964087668,1.77098244282107
7.60791766799455,0.00695162374037316,1.70525582114862
7.61333916420169,0.0116631225899612,1.56795876029302
7.61932249131573,0.0162935835720343,1.34080976588979
7.62530581842976,0.0200905536728866,1.04534531030273
7.6312891455438,0.0228551061820911,0.696374488487902
7.63727247265784,0.0244537672642517,0.311911667616962
7.64280453742909,0.0248300108373194,-0.0579422700167961
7.64833660220033,0.0241232363251387,-0.425050070578897
7.65386866697158,0.0223603016470466,-0.773329850574957
7.65940073174283,0.0196224717236737,-1.08783942752201
7.66493279651407,0.0160337432409559,-1.35518948498626
7.67046486128532,0.011747640372186,-1.56336495356276
7.67599692605656,0.00694895275612406,-1.70306843524579
7.68152899082781,0.00184704101302814,-1.7686407162635
7.68708587786229,-0.00335931375271287,-1.75749429524209
7.69264276489677,-0.00841702020135662,-1.66927367653402
7.69819965193125,-0.0131027874239672,-1.5076074916623
7.70375653896574,-0.0172150152021186,-1.2799118671592
7.71036419455121,-0.0211220692624355,-0.937641289140229
7.7169718501367,-0.0237213931008165,-0.537707997601705
7.72357950572217,-0.0248421777402419,-0.104493342800857
7.73018716130765,-0.0244280799975663,0.335095976648464
7.73652282116231,-0.0226263749096136,0.737384807667008
7.74285848101697,-0.019541215061991,1.0974818149592
7.74919414087163,-0.015340109534151,1.3946549944919
7.75552980072629,-0.0102678894578243,1.61268760396236
7.76095757744321,-0.00545266353714632,1.7275261203096
7.76638535416013,-0.000411716555719151,1.77043857876286
7.77181313087705,0.00464518247402753,1.73943437311285
7.77724090759397,0.00950982914626698,1.63617400211923
7.78310613066305,0.0143217943386932,1.44886691682035
7.78897135373213,0.0184385613653023,1.19154629091857
7.7948365768012,0.0216568906742848,0.876445502147929
7.80070179987028,0.023827763347523,0.519059361645953
7.80628559041149,0.02483153870371,0.155542302038761
7.8118693809527,0.0247469860404924,-0.214485882469593
7.81745317149391,0.0235739272867289,-0.574774676051296
7.82303696203512,0.0213688074686918,-0.909762484475788
7.82862075257633,0.0182335821924002,-1.20507809444268
7.83420454311754,0.0143020539281934,-1.44747586368455
7.83978833365875,0.00974391236899578,-1.62616939646291
7.84537212419996,0.0047595232705415,-1.73379916469858
7.85091623351187,-0.000395577132671917,-1.76621814381922
7.85646034282377,-0.00553244842967205,-1.72270647923817
7.86200445213568,-0.0104293848054951,-1.60493309778703
7.86754856144758,-0.0148793394977462,-1.41832773321037
7.8738925784551,-0.0191867480757722,-1.13127707430726
7.88023659546262,-0.0224165431757057,-0.781110088989851
7.88658061247014,-0.0243807604522803,-0.387188635302177
7.89292462947766,-0.0249797532271094,0.028225360692212
7.89841844571828,-0.0243760895704233,0.387180385600612
7.90391226195889,-0.0227494028832654,0.729561556961995
7.90940607819951,-0.0201650000142949,1.04090676254579
7.91489989444013,-0.0167348823849316,1.30846329019182
7.92039371068074,-0.012606463207845,1.52139790957357
7.92588752692136,-0.00795132780597157,1.67047502303555
7.93138134316197,-0.00296340440589176,1.7492809727178
7.93687515940259,0.00214918181889316,1.75494950774827
7.94259610657451,0.00737712876565886,1.68342957581505
7.94831705374643,0.0122699734674715,1.53584769345402
7.95403800091835,0.0166043506253857,1.31868247211855
7.95975894809027,0.0201893662842841,1.04209115902103
7.96557366820561,0.0229052530512583,0.713287256604344
7.97138838832095,0.0245532937226521,0.351621485847904
7.97720310843628,0.0250523215553928,-0.0261032210738032
7.98301782855162,0.0243860563398964,-0.402375642629796
7.98883254866696,0.0225932734598664,-0.759856918729373
7.9946472687823,0.0197518440015087,-1.0816761956957
8.00046198889764,0.0159901460859334,-1.35273502334492
8.00627670901298,0.0114863576700154,-1.56092425648473
8.01175060395519,0.0067586037942816,-1.69123815496207
8.0172244988974,0.00175461720796715,-1.75206187387615
8.02269839383962,-0.00332036032679774,-1.74074908488317
8.02817228878183,-0.00826011115820701,-1.65816959191224
8.03409535249646,-0.0132231161618187,-1.49304273543558
8.04001841621109,-0.017552038293294,-1.25670207914728
8.04594147992573,-0.0210365333559021,-0.960265625751865
8.05186454364036,-0.0235168463090628,-0.61818791751185
8.05754814798918,-0.0248495857324212,-0.2624206894336
8.06323175233799,-0.0250908819773097,0.104453932758944
8.06891535668681,-0.0242265250153301,0.466305246550648
8.07459896103562,-0.0223000704217809,0.807459806057536
8.08028256538444,-0.0194020115827073,1.1132488699275
8.08596616973326,-0.0156558381803712,1.36999931430006
8.09164977408207,-0.0112232587747837,1.56633084746335
8.09733337843089,-0.006299761042775,1.69413889165385
8.10294611798102,-0.00116730014852026,1.74817595578061
8.10855885753115,0.00401359386725954,1.7278758045053
8.11417159708127,0.00902208743665389,1.63395078093168
8.1197843366314,0.0136486024214484,1.47080245384515
8.12610293989498,0.0181633645062005,1.21358717991383
8.13242154315855,0.0217027884607664,0.891694365214464
8.13874014642213,0.0240717137655924,0.522163684891421
8.1450587496857,0.0251530321316932,0.125010243734653
8.15070225642197,0.0249900266841807,-0.235546948871184
8.15634576315824,0.0237619702783134,-0.585627393591611
8.1619892698945,0.0215182276059205,-0.910245915231924
8.16763277663076,0.0183587331292116,-1.19588746514233
8.17327628336703,0.0144223776463227,-1.43079323651901
8.17891979010329,0.00987472057480798,-1.60470116059939
8.18456329683956,0.00490767539836775,-1.71009248279139
8.19020680357582,-0.000268112713187867,-1.74297990461955
8.19599710270858,-0.00556660147026392,-1.70050326456578
8.20178740184134,-0.0106161175208329,-1.58246488210786
8.2075777009741,-0.0151904740020631,-1.39396841680602
8.21336800010686,-0.0190911825293137,-1.14377887228822
8.22050133455983,-0.0227320938108485,-0.767904826602213
8.22763466901279,-0.0248458275221197,-0.341177899548266
8.23476800346575,-0.0252783011366562,0.108108401470278
8.24190133791872,-0.0240178520893623,0.549749388690173
8.24812135684289,-0.0216154876882292,0.905357004019473
8.25434137576705,-0.0181154597335457,1.21445424478143
8.26056139469121,-0.0136913366175784,1.46115447300333
8.26678141361538,-0.00857196420274437,1.63357386497374
8.27243286171772,-0.00353946462228781,1.71898079850211
8.27808430982005,0.0016397542352864,1.73251169726732
8.28373575792239,0.0067490410804557,1.67348697332685
8.28938720602473,0.0115778573628928,1.54480792029361
8.29561517788108,0.0163398218493552,1.32939762881941
8.30184314973743,0.0202758777911648,1.04728222208515
8.30807112159378,0.0231834294042172,0.712531776362509
8.31429909345013,0.0249245295774446,0.342280542957982
8.32009810336097,0.025427352967654,-0.017810273714449
8.3258971132718,0.0248227324753523,-0.376606821962211
8.33169612318263,0.0231338465236812,-0.718441003581205
8.33749513309347,0.0204395288904047,-1.02872151306512
8.34329414300431,0.0168624377614956,-1.2943395222388
8.34909315291514,0.0125554235149742,-1.50351092695405
8.35489216282598,0.00770363283958509,-1.64705486284951
8.36069117273681,0.00251792323332307,-1.71927814633851
8.36651892702788,-0.00280352462081339,-1.71745808731425
8.37234668131895,-0.00800162525257313,-1.64089621577852
8.37817443561002,-0.0128489606786998,-1.49281423121095
8.38400218990109,-0.0171389457805792,-1.28007962440981
8.39087831242823,-0.0212430264982087,-0.95924831636901
8.39775443495537,-0.0240659879715256,-0.581274649924947
8.40463055748251,-0.0254297421512583,-0.168676807175733
8.41150668000964,-0.0252660735170067,0.253566830405161
8.41831497930441,-0.0236245520887929,0.656256526955462
8.42512327859917,-0.020596728679031,1.01970028725256
8.43193157789394,-0.0163526240381948,1.32237939130774
8.4387398771887,-0.0111496705938873,1.54732958249556
8.44447099980983,-0.006256775093089,1.66720075896667
8.45020212243096,-0.00110595139641886,1.71792085208902
8.45593324505209,0.00408954822033934,1.69730613335141
8.46166436767322,0.00911702307406732,1.60667802205572
8.46785233489401,0.0141222345053154,1.43518407495002
8.4740403021148,0.0184485715423509,1.19518015428648
8.48022826933558,0.0218855413405906,0.898061447649132
8.48641623655637,0.0242761189711659,0.558372100147955
8.4923394583731,0.0254860246277012,0.208590356237377
8.49826268018984,0.0255814539382386,-0.149729910555134
8.50418590200657,0.0245551544894709,-0.500898077043205
8.51010912382331,0.0224580573191956,-0.829806323951119
8.51603234564004,0.0193880866128977,-1.12243559600811
8.52195556745677,0.0154760227490107,-1.36582170582406
8.52787878927351,0.0108901559997301,-1.54929721354439
8.53380201109024,0.00583135977944705,-1.66542264553735
8.53968240239506,0.000558975399659856,-1.70970683824268
8.54556279369988,-0.00473602248772058,-1.68113741809613
8.55144318500471,-0.00982746210590547,-1.58085425722967
8.55732357630953,-0.0145022771075486,-1.41358720278359
8.56399184091035,-0.0190576391686825,-1.1525599293941
8.57066010551117,-0.0225746430093375,-0.829389950357095
8.57732837011199,-0.0248567617728089,-0.461492898561984
8.58399663471281,-0.0257911326605629,-0.0690884658388031
8.58989331785045,-0.025461694437957,0.281087358835712
8.59579000098809,-0.024055191349509,0.618778757075301
8.60168668412573,-0.0216286987236096,0.929655271601455
8.60758336726336,-0.0182894372431407,1.20092967147227
8.61348005040101,-0.0141829882779611,1.42159584385777
8.61937673353865,-0.00948104459717306,1.58214652236756
8.62527341667628,-0.00438049724296604,1.67576234622555
8.63117009981393,0.000904570416374595,1.69904019566073
8.63726453799175,0.00632663147436889,1.64880651418435
8.64335897616957,0.0114649915476813,1.52513029220892
8.6494534143474,0.0160889054080466,1.33345668458971
8.65554785252522,0.0199977383259349,1.08275996995972
8.66314696053385,0.0236269231869068,0.705168501403076
8.67074606854247,0.0256287086750289,0.279996300745668
8.6783451765511,0.0258527689137972,-0.163821555753364
8.68594428455972,0.0243035802684451,-0.595736560043152
8.69239704546833,0.0216884164198803,-0.930917824685959
8.69884980637693,0.0180047742193704,-1.21957608987581
8.70530256728553,0.0134309117973181,-1.44737492885906
8.71175532819413,0.008196003059985,-1.60376764863003
8.71771788577931,0.00299732989407664,-1.67871909527866
8.72368044336449,-0.00232555948805656,-1.68338044170623
8.72964300094967,-0.00754969596438951,-1.61751386227089
8.73560555853484,-0.0124599296004184,-1.48435812452104
8.74222255258194,-0.0173005602338403,-1.26526344349724
8.74883954662903,-0.021255182244246,-0.981996215138663
8.75545654067612,-0.0241178347841383,-0.648930287685426
8.76207353472321,-0.0257521916115815,-0.283352233434222
8.76819058621534,-0.0261064401749678,0.0671601440015358
8.77430763770747,-0.0253274691134739,0.414078701098956
8.78042468919959,-0.023446464861924,0.742314128894571
8.78654174069172,-0.0205507797388241,1.03795558840889
8.79265879218385,-0.016771678240895,1.28862788561407
8.79877584367597,-0.0122704702980193,1.48330925957742
8.8048928951681,-0.00724002133642812,1.61355743615285
8.81100994666022,-0.00189762417598627,1.67433622479817
8.81718811705321,0.00358111938945854,1.66321138032576
8.8233662874462,0.00890222429439313,1.5795540432911
8.82954445783919,0.0138323852318294,1.42697760712338
8.83572262823218,0.0181615304345255,1.21260356446727
8.84308728798308,0.0222900699018745,0.890065142444674
8.85045194773398,0.025046080090746,0.513639681191158
8.85781660748487,0.0262520034585421,0.10626982153024
8.86518126723577,0.0258496720337229,-0.306886392986066
8.87227401186675,0.0239810373836231,-0.686624915766085
8.87936675649773,0.020756023265706,-1.02663940298268
8.88645950112871,0.0163509286483179,-1.30757980179457
8.89355224575969,0.0110227080255559,-1.51438460635655
8.89963418186271,0.0059527056874351,-1.6243526132925
8.90571611796573,0.000637891396830378,-1.66706009047224
8.91179805406875,-0.00470208496058948,-1.64073047060694
8.91787999017177,-0.00984937759581126,-1.54696511526833
8.92446973034056,-0.014968618117044,-1.37443698767737
8.93105947050935,-0.0193663282169989,-1.13623814792022
8.93764921067814,-0.0228283156597835,-0.843774920215018
8.94423895084693,-0.0251968837616407,-0.511426725894425
8.95053006595947,-0.0263417961981532,-0.171819945622524
8.95682118107201,-0.0263401179565535,0.174525500774442
8.96311229618455,-0.0251893933124338,0.512513795406003
8.96940341129709,-0.0229463303201824,0.827709089294073
8.97569452640963,-0.0197152208753795,1.10679773543995
8.98198564152218,-0.0156334963036258,1.33753454320967
8.98827675663472,-0.0108760307997174,1.50992860400163
8.99456787174726,-0.00564981077348973,1.61711871474107
9.00084201686619,-0.000195796925003952,1.6551343406428
9.00711616198513,0.00526534367462817,1.62260302878709
9.01339030710406,0.0105003313278879,1.52090755273932
9.01966445222299,0.0152904413477705,1.35488534311699
9.02681268833357,0.0199567631944271,1.09709940298268
9.03396092444414,0.0235275398377331,0.779896730762331
9.04110916055471,0.0258022357338829,0.420556928402022
9.04825739666529,0.0266689018787364,0.0389886078611624
9.05455102024688,0.0262374781606188,-0.298613627533769
9.06084464382848,0.0246999897881874,-0.622886667796119
9.06713826741007,0.0221193347356449,-0.920138969290814
9.07343189099167,0.0186093121633489,-1.1782363355664
9.07972551457327,0.014322478375302,-1.386811697367
9.08601913815486,0.00943760412040462,-1.53698233844047
9.09231276173646,0.00415838540961095,-1.62246990106187
9.09860638531805,-0.00129494935461736,-1.64027775928347
9.10513853437917,-0.00689737034757953,-1.58710418029942
9.11167068344028,-0.012190350096557,-1.46323706526237
9.11820283250139,-0.0169362531463945,-1.27420832024925
9.12473498156251,-0.0209296041415572,-1.02891770041968
9.13294075481508,-0.0246294113658258,-0.658652972006632
9.14114652806766,-0.0266101270548485,-0.243654011179884
9.14935230132023,-0.0267212097713081,0.187429281448727
9.15755807457281,-0.0249772970456329,0.604571671380075
9.16443017737231,-0.0221921712627717,0.921991685713725
9.17130228017181,-0.0183321095208131,1.19396480803978
9.17817438297131,-0.0135815428388377,1.40727337628091
9.1850464857708,-0.00817442414268206,1.5522993211072
9.19145626344817,-0.00277256138853104,1.6204860717456
9.19786604112553,0.00274404326003551,1.62084282732576
9.2042758188029,0.00814444462775187,1.55338558298327
9.21068559648027,0.0132067102239453,1.42146337561936
9.21782818937541,0.0181999002948382,1.20599886142496
9.22497078227057,0.0222559289747307,0.929190466749054
9.23211337516572,0.0251629327991563,0.605222803749307
9.23925596806086,0.0267828411244859,0.251021480294092
9.24583717230373,0.0270738248122362,-0.0862594174383674
9.25241837654659,0.0261936279219413,-0.418973957306814
9.25899958078945,0.0241782689163316,-0.732714693103371
9.26558078503232,0.0211212337522676,-1.01427690397552
9.27216198927518,0.0171607691174544,-1.25198193778486
9.27874319351804,0.0124655888688509,-1.43548853575214
9.28532439776091,0.00723609727823698,-1.55694902678902
9.29190560200377,0.0016968545379813,-1.61178096075244
9.29857791114331,-0.00399301008322756,-1.59766927990802
9.30525022028286,-0.00950727366238866,-1.51393572898446
9.3119225294224,-0.0146044246933284,-1.36427238455612
9.31859483856195,-0.0190678732121299,-1.15571308708881
9.32658418384296,-0.0233234247782053,-0.842039527487715
9.33457352912397,-0.0261338310729204,-0.477312870246168
9.34256287440498,-0.0273176405206013,-0.0839490111632816
9.35055221968599,-0.0268195627469137,0.313618821330454
9.3581795393142,-0.0248203623695557,0.674607186660563
9.3658068589424,-0.0214366212579876,0.996908282395106
9.37343417857061,-0.0168518694419055,1.26249699804137
9.38106149819881,-0.0113299414389515,1.45743266007192
9.38764722594978,-0.00605009589996422,1.5611794965892
9.39423295370075,-0.000522061847170496,1.6004090479665
9.40081868145172,0.00502624758863241,1.57356663368774
9.4074044092027,0.0103693295929391,1.4823179338911
9.41455399669318,0.0156883889075662,1.31545557741201
9.42170358418367,0.02025195938216,1.08592373609028
9.42885317167416,0.0238385460117588,0.804770435712454
9.43600275916465,0.0262857426812344,0.485843193701463
9.44282258700648,0.0274600952794569,0.160696601690349
9.44964241484832,0.0274451782980762,-0.170511652064338
9.45646224269015,0.0262397463325971,-0.493422484417886
9.46328207053199,0.0239034098890189,-0.794343578685361
9.47010189837382,0.0205446700863298,-1.06067858247605
9.47692172621565,0.0163060014130356,-1.28087458532125
9.48374155405749,0.0113681187522652,-1.44552987739392
9.49056138189932,0.00594440684045643,-1.54820990770706
9.49738746550471,0.000262384460336698,-1.58522730500542
9.50421354911009,-0.00542955672293568,-1.55484209671964
9.51103963271547,-0.0108890196041455,-1.45842101849058
9.51786571632086,-0.0158888387150633,-1.30061266226924
9.52564535236036,-0.0207679647252548,-1.05524807021653
9.53342498839985,-0.0245118994257432,-0.753156215304736
9.54120462443935,-0.0269122560621511,-0.410786293126267
9.54898426047884,-0.02785220496101,-0.0470488701825641
9.55585920897138,-0.0274364150598835,0.276184873377679
9.56273415746391,-0.025863436427733,0.586870631068611
9.56960910595644,-0.0231982494188424,0.871909147576947
9.57648405444898,-0.0195590251247477,1.11970338415258
9.58335900294151,-0.0151044091030284,1.3203567563583
9.59023395143405,-0.0100202753844583,1.46540278659443
9.59710889992658,-0.00451846441508926,1.54886022961918
9.60398384841911,0.00117193856998093,1.56787313463025
9.61112178681406,0.00702790225638188,1.51934155186517
9.618259725209,0.0125697269838236,1.40343037160055
9.62539766360394,0.0175498942130704,1.22537788180103
9.63253560199889,0.0217540964236012,0.993607037943739
9.64147805712952,0.0256656277006493,0.644000246438364
9.65042051226015,0.0278066915010085,0.251426450227237
9.65936296739079,0.0280187753959983,-0.157282270301565
9.66830542252142,0.0263115129094487,-0.554017018749471
9.67587753161384,0.0234682244857062,-0.860360609743075
9.68344964070625,0.0194799257457645,-1.12377443633268
9.69102174979867,0.0145390363504747,-1.33143184607684
9.69859385889109,0.00889115967710229,-1.47397676869404
9.70562422651434,0.00325800141086679,-1.54266345477607
9.7126545941376,-0.00250955161060328,-1.54704420275908
9.71968496176086,-0.00817124801131177,-1.48704750571345
9.72671532938412,-0.0134957408037911,-1.3657466640227
9.73453554359643,-0.0187623662325632,-1.1657261840126
9.74235575780875,-0.0230732046216037,-0.907186194325959
9.75017597202106,-0.0262064881869639,-0.603306671004386
9.75799618623337,-0.0280154708094066,-0.269839746138716
9.76523648233507,-0.0284405281644226,0.0503812399087221
9.77247677843676,-0.0276400462620373,0.367430289882241
9.77971707453845,-0.0256471599957555,0.667647837648819
9.78695737064014,-0.0225550363653553,0.938476510796121
9.79419766674183,-0.0185037613370248,1.16877240655607
9.80143796284352,-0.0136653449357358,1.34864377298238
9.80867825894521,-0.00824531954259333,1.47052158129152
9.81591855504691,-0.00247515782329716,1.52988143217399
9.82326914215597,0.00348974131397847,1.52436745736329
9.83061972926503,0.00930196754418645,1.45285721650329
9.83797031637409,0.0147089163468584,1.31857402774484
9.84532090348315,0.0194826136490998,1.12789329266828
9.85405048170826,0.024062157655659,0.840402208832253
9.86278005993336,0.0271883653011942,0.503423831160687
9.87150963815846,0.0286668233180225,0.137213429939504
9.88023921638356,0.0284275649468325,-0.236027414439713
9.8888344814388,0.0265483106060445,-0.588691687407621
9.89742974649404,0.0231386354041415,-0.90610535779123
9.90602501154928,0.0183897113798788,-1.16999888015334
9.91462027660451,0.0125856367112622,-1.36612741661413
9.92191623890702,0.00708686517149532,-1.47168374975487
9.92921220120952,0.00129847498047599,-1.51661765582621
9.93650816351202,-0.00454193187922187,-1.49922750192506
9.94380412581453,-0.0101981093387072,-1.42083819048827
9.95171688647154,-0.0158623772595709,-1.27139227918479
9.95962964712855,-0.0207697090852777,-1.06202992554508
9.96754240778556,-0.0246849875200116,-0.802819826374015
9.97545516844257,-0.0274329156994062,-0.506483861006285
9.98302532447129,-0.0288596348398397,-0.201477354326171
9.99059548050001,-0.029044125400541,0.111137862145768
9.99816563652873,-0.0279773950277246,0.417891084830169
10.0057357925575,-0.0257139909798776,0.705867697212561
10.0133059485862,-0.0223597896697294,0.963119015154078
10.0208761046149,-0.0180564215287267,1.17863697643697
10.0284462606436,-0.012986224438669,1.34336864033427
10.0360164166723,-0.00736687612940359,1.45097263626205
10.0436041242586,-0.00142370261386884,1.4976641146597
10.0511918318448,0.00457820769216376,1.48120856762967
10.0587795394311,0.0103857651856255,1.40246179932944
10.0663672470173,0.0157596232225682,1.26534388530619
10.0749364557879,0.0210361285573119,1.04836451960522
10.0835056645586,0.0251969163551697,0.776828969981975
10.0920748733292,0.028019036775348,0.465170188704349
10.1006440820998,0.0293682645806581,0.130158558350685
10.1083908285556,0.0292728533432581,-0.177909628789833
10.1161375750113,0.0279278075293354,-0.477288322980813
10.1238843214671,0.0253898330077705,-0.755225908873442
10.1316310679229,0.0217745788234054,-1.0002943983589
10.1393778143786,0.0172429104674384,-1.20261711944605
10.1471245608344,0.0119860082242488,-1.35365061284936
10.1548713072901,0.00622512680105826,-1.44718288776954
10.1626180537459,0.000202755692609098,-1.47996656383567
10.1705850867249,-0.00599924116849699,-1.44968346869119
10.178552119704,-0.011936344535646,-1.35594845718933
10.186519152683,-0.0173473549311129,-1.20305152337489
10.194486185662,-0.0220025892401547,-0.998266598500635
10.2042543661603,-0.0264036743183882,-0.690394690485928
10.2140225466586,-0.0290879895396054,-0.339214152848174
10.2237907271568,-0.0298738607486812,0.0325624712570056
10.2335589076551,-0.0287347080563955,0.400795425911813
10.2423562459355,-0.0261415157643368,0.709777074870188
10.2511535842159,-0.0221937207445108,0.980734863074875
10.2599509224962,-0.0170934540859792,1.19972198855625
10.2687482607766,-0.0111121647262324,1.35628620866796
10.2766426337439,-0.00525394141244856,1.43772377455157
10.2845370067112,0.00081923769112993,1.45982269779031
10.2924313796785,0.00685736863367204,1.42187254716321
10.3003257526458,0.012616427181254,1.32606734608691
10.3089933867715,0.0183465100183586,1.15974652787313
10.3176610208972,0.0231791280667684,0.937596717666861
10.3263286550229,0.02687713184511,0.670597593755105
10.3349962891486,0.0292732644480622,0.372143911605163
10.3431751952547,0.0302476986398616,0.0749727896164375
10.3513541013607,0.0299264249653598,-0.224229988509767
10.3595330074668,0.0283228391574373,-0.512651592085715
10.3677119135728,0.0255146599825196,-0.77828517500122
10.3758908196789,0.0216307118847187,-1.01026723174925
10.3840697257849,0.016834922645297,-1.19878730595153
10.392248631891,0.0113296255040039,-1.33604951451703
10.400427537997,0.00534877662384091,-1.41696050887842
10.4087081729744,-0.000933357579577738,-1.43879097087541
10.4169888079519,-0.00717443517808736,-1.39937075055833
10.4252694429293,-0.0131084683693014,-1.30059836998433
10.4335500779067,-0.0184894197710909,-1.14730114658754
10.4431125853799,-0.0237324140301465,-0.911824834740214
10.452675092853,-0.0276484088057349,-0.626655973834067
10.4622376003261,-0.0300159963545328,-0.307781999711729
10.4718001077992,-0.0307219614672263,0.0267844631047728
10.4801462201473,-0.0299625762359742,0.316944559866886
10.4884923324954,-0.0279493389068181,0.592673123590094
10.4968384448436,-0.0247666192880894,0.84249836103516
10.5051845571917,-0.020554625624498,1.05646064763527
10.5135306695398,-0.0154954594419431,1.22624675611835
10.5218767818879,-0.00979886360881576,1.3449130215009
10.530222894236,-0.00369977907381142,1.40778087548755
10.5385690065842,0.00255166406375442,1.41296186489522
10.5473288205087,0.00899984989654555,1.35697667857557
10.5560886344333,0.0150447398940648,1.24077210305264
10.5648484483579,0.0204162794428257,1.06976284530431
10.5736082622825,0.0248845716868389,0.852136974042676
10.5848465246023,0.0290100273308622,0.521065259138266
10.5960847869221,0.0310434362703622,0.15443076157948
10.6073230492419,0.0308277079758326,-0.221532843697224
10.6185613115618,0.0284114693955437,-0.579928810086588
10.6276657698155,0.0249793939484951,-0.839807135052206
10.6367702280692,0.0203887320029941,-1.05960184660948
10.6458746863229,0.0148521276289994,-1.22928576211862
10.6549791445766,0.00863071223140022,-1.34180723527146
10.6636771352776,0.00231475756682841,-1.39193510313704
10.6723751259787,-0.00409634713016344,-1.38400317148735
10.6810731166797,-0.0103355228106489,-1.31860205049039
10.6897711073807,-0.016148937862617,-1.19910964822723
10.6995701985503,-0.0219003487426963,-1.00676771723848
10.7093692897199,-0.0265134918018441,-0.763262294139748
10.7191683808894,-0.0297479456601628,-0.481380107495516
10.728967472059,-0.0314531862533528,-0.176056579820837
10.7379370488488,-0.031612666600317,0.110361284157991
10.7469066256387,-0.0304219628771351,0.390764912089163
10.7558762024286,-0.0279324202502795,0.653224926461633
10.7648457792185,-0.0242595264902746,0.886978116369707
10.7738153560084,-0.0195682688518594,1.08265691817589
10.7827849327983,-0.0140567432218732,1.23210570867093
10.7917545095881,-0.00795667042353704,1.32928451182176
10.800724086378,-0.0015243888154159,1.37086095063029
10.8099311579254,0.00514325478664859,1.35475251696092
10.8191382294727,0.0115861381977931,1.28001953076076
10.82834530102,0.0175245724289012,1.15018541184971
10.8375523725674,0.0227097608468945,0.971508386815706
10.8486678758798,0.0276711068637725,0.70263531038622
10.8597833791923,0.0309147059508348,0.391873095403225
10.8708988825048,0.0322355066907116,0.0585135723805142
10.8820143858173,0.0315780083118648,-0.276732552645357
10.8925609570552,0.0291864964478852,-0.577927343805833
10.903107528293,0.0252004817786415,-0.845960204298067
10.9136540995309,0.019835569058407,-1.06636900270907
10.9242006707687,0.0133955774101872,-1.22813082806108
10.9333968082897,0.00718386393343266,-1.31522713261623
10.9425929458107,0.000680590332889229,-1.34844074190478
10.9517890833317,-0.00584901699910343,-1.32671455620652
10.9609852208527,-0.012143593481674,-1.25162789749205
10.9710239114038,-0.0184557545958761,-1.11320770611661
10.9810626019549,-0.0238875561099038,-0.922645111752858
10.991101292506,-0.0281806623141042,-0.689255385301936
11.0011399830571,-0.0311458310388413,-0.424564776077773
11.0107048098858,-0.0326213697336337,-0.155015770437742
11.0202696367146,-0.032713904963926,0.119728833609494
11.0298344635434,-0.0314207260609893,0.388021886510984
11.0393992903721,-0.0288079511097805,0.638809413350621
11.0489641172009,-0.0249970306305975,0.861962054179766
11.0585289440296,-0.0201476727872189,1.04824418981996
11.0680937708584,-0.0144624707493556,1.19014149529772
11.0776585976871,-0.00818064042574266,1.28247852271918
11.0873566626603,-0.00147013369532033,1.32241569992123
11.0970547276334,0.00530068717950946,1.30687256049369
11.1067527926066,0.0118481697418403,1.23682748869516
11.1164508575797,0.0179051635621493,1.11590616171254
11.1274426953999,0.0238738402683585,0.924638103255589
11.1384345332201,0.0285828968630652,0.685914415006906
11.1494263710402,0.0317842076273155,0.412506650024775
11.1604182088604,0.0333295062096797,0.119112820754448
11.1704036034858,0.0332460650213642,-0.151675918266831
11.1803889981113,0.0317475282833008,-0.414580210397269
11.1903743927367,0.0288992534755724,-0.658484533530738
11.2003597873621,0.024832578532114,-0.873497877292642
11.2103451819875,0.0197292483630965,-1.05113135078927
11.2203305766129,0.0138042826819196,-1.18410281032821
11.2303159712384,0.00730562626061947,-1.26716927247096
11.2403013658638,0.000504169595060167,-1.29764711689312
11.2506160617942,-0.00654240335227041,-1.27347817291111
11.2609307577247,-0.0133025645128324,-1.19412374797868
11.2712454536552,-0.0194824651411685,-1.06338609726518
11.2815601495856,-0.0248237739901972,-0.887598725237241
11.2941935846997,-0.0299137527144045,-0.623014915894871
11.3068270198137,-0.0330939861546254,-0.320648412766974
11.3194604549277,-0.0341586848156315,0.000179797563425514
11.3320938900418,-0.0330715314816988,0.319029620032399
11.3436815578682,-0.0302675264914319,0.592649062742197
11.3552692256946,-0.0258802973304475,0.833625378344773
11.366856893521,-0.0201391191655452,1.02960293806441
11.3784445613474,-0.0133544646279645,1.17134454956518
11.3887799426501,-0.00671670973533077,1.24685218782724
11.3991153239528,0.000193106844759986,1.27135275208562
11.4094507052555,0.00709366706874082,1.24421436143727
11.4197860865582,0.0137099618460217,1.16726637773332
11.4311238084128,0.0203345487595011,1.03018008478299
11.4424615302674,0.0259846863481039,0.844806556793285
11.453799252122,0.0303914900468815,0.620310545009641
11.4651369739766,0.0333619844462664,0.367852581634476
11.4758991629876,0.0347410738824947,0.113530052588498
11.4866613519986,0.0346567552958561,-0.144060004204691
11.4974235410095,0.0331151876624228,-0.394076441253326
11.5081857300205,0.0301940791679168,-0.626342936839325
11.5189479190315,0.0260282901557528,-0.831618912799581
11.5297101080425,0.0207918870863245,-1.00155106543164
11.5404722970535,0.0147022438264821,-1.12943699012696
11.5512344860645,0.00801299370763944,-1.2107667970614
11.5622197497828,0.000852191355216748,-1.24318849080774
11.573205013501,-0.00634299403215512,-1.22348195097625
11.5841902772193,-0.0132714434131734,-1.15287243386545
11.5951755409376,-0.0196515071192863,-1.03504188450854
11.6077101260676,-0.0259401606451734,-0.850153781026078
11.6202447111977,-0.0308473609470818,-0.621490060506018
11.6327792963277,-0.0341137044446269,-0.361460947146843
11.6453138814577,-0.035589635838232,-0.0841752195474521
11.6566427000554,-0.0353373944578685,0.168957473256486
11.6679715186531,-0.0335885559691524,0.41336710573888
11.6793003372507,-0.030420234920063,0.638811687033834
11.6906291558484,-0.0259780881364646,0.836265458110194
11.7019579744461,-0.0204597696132219,0.998071986548703
11.7132867930438,-0.0140968421419559,1.11774164295321
11.7246156116415,-0.00715380464648829,1.19069492982111
11.7359444302391,8.274769014288e-05,1.21473086047373
11.7477193858679,0.00759934597787554,1.18776423863505
11.7594943414967,0.0147835859439764,1.10942265241428
11.7712692971256,0.0213239683652666,0.98353454870804
11.7830442527544,0.0269486340440044,0.816252033099849
11.7975817959554,0.0323023926671005,0.564358492153973
11.8121193391565,0.0355708533623913,0.278266463020956
11.8266568823575,0.0365425148525781,-0.0234945551321204
11.8411944255586,0.0351920040601172,-0.321531648625574
11.8543347275787,0.0320748805020635,-0.572051651932793
11.8674750295989,0.0273181429594728,-0.791576688119475
11.8806153316191,0.0211666494968349,-0.96920682737542
11.8937556336393,0.0139456128240861,-1.09689542232924
11.9056162261065,0.0068213964822882,-1.16477345096666
11.9174768185737,-0.000578130680110085,-1.18514075991887
11.929337411041,-0.00795282989358626,-1.15760963883551
11.9411980035082,-0.0150105997554962,-1.08406027572905
11.9542695001813,-0.022094926692494,-0.954202443637273
11.9673409968543,-0.0281190774330445,-0.779752542554844
11.9804124935274,-0.0327975417704023,-0.569432160100793
11.9934839902005,-0.0359274105947209,-0.333748570784073
12.0058631347853,-0.0373485937490923,-0.0975898803715174
12.0182422793702,-0.0372088852812117,0.140980894339196
12.030621423955,-0.0355186855375821,0.372016774648347
12.0430005685399,-0.0323635490967989,0.586236914829291
12.0553797131247,-0.0278888994034221,0.775258127563534
12.0677588577096,-0.0222810130046854,0.931546268286446
12.0801380022944,-0.0157709265222431,1.0490977532275
12.0925171468793,-0.00862679219772098,1.12391446274354
12.1052325031752,-0.00093288572413615,1.1540138240544
12.1179478594711,0.00679860782911363,1.13591644415679
12.130663215767,0.0142457736121187,1.07085569273236
12.1433785720629,0.0211081001160716,0.962312116956791
12.1579092175772,0.0278907649902722,0.791802453847676
12.1724398630915,0.0331969032614016,0.581001859637154
12.1869705086058,0.0367500066865471,0.341377586315464
12.2015011541202,0.0383906279210033,0.085898249686831
12.2146747993792,0.0381758742239002,-0.148086615375435
12.2278484446383,0.0363521756734859,-0.37410782112647
12.2410220898973,0.0330015463092233,-0.582767987110151
12.2541957351564,0.0282789740832972,-0.765814063450365
12.2673693804154,0.0223947429352981,-0.916267506876764
12.2805430256745,0.0155948779804568,-1.02823558314357
12.2937166709335,0.00816017749921503,-1.09757019689701
12.3068903161926,0.000394730612352614,-1.1222805768507
12.3206375662446,-0.00772374102893558,-1.10039456817981
12.3343848162967,-0.0155066506125612,-1.03126809098819
12.3481320663488,-0.0226195891416633,-0.918392774866838
12.3618793164009,-0.0287701204490241,-0.767360586081006
12.378792291584,-0.0346651794272181,-0.539782522222079
12.3957052667671,-0.038364624801413,-0.280408027872888
12.4126182419503,-0.0396379518030278,-0.00580759557705155
12.4295312171334,-0.0384473897104785,0.266695392186532
12.4451296510386,-0.0352657494294786,0.50166773845381
12.4607280849437,-0.0302540867131943,0.708624312647126
12.4763265188489,-0.0236764450579446,0.877218469791788
12.4919249527541,-0.0158879829403343,0.999802733546505
12.505881131473,-0.00823026978773167,1.06626470286759
12.519837310192,-0.000242949438700293,1.08951203676017
12.5337934889109,0.007752608925856,1.06912549448202
12.5477496676299,0.0154428426651568,1.00673100723733
12.5631162576725,0.023205682205353,0.89341269757656
12.5784828477151,0.02987255312737,0.739144251703966
12.5938494377576,0.0351344532409738,0.551645924050825
12.6092160278002,0.0387681390333887,0.340226651264571
12.6238309325334,0.0405817715625237,0.126278690473409
12.6384458372665,0.0407212573601882,-0.0910662925831652
12.6530607419997,0.0391882059608387,-0.302858093846749
12.6676756467328,0.0360641156015486,-0.500715595063853
12.6822905514659,0.0314944543698441,-0.677037702962487
12.6969054561991,0.0256684066009672,-0.82497738541153
12.7115203609322,0.0188234660440561,-0.93902477210472
12.7261352656654,0.0112377992662874,-1.01542111524546
12.7412266125974,0.00294852238821311,-1.05252586686768
12.7563179595295,-0.00546082019749491,-1.04617299360976
12.7714093064615,-0.0136448684977565,-0.997184649976193
12.7865006533936,-0.0212781591998244,-0.908389824428374
12.8035926547047,-0.0288881975842957,-0.765356804341978
12.8206846560159,-0.0350249883516796,-0.584926746505768
12.8377766573271,-0.0393834058646357,-0.376708163190187
12.8548686586383,-0.0417736940785096,-0.151670515801324
12.8706117907097,-0.0421575153785053,0.0605412129508067
12.8863549227811,-0.0407856882449425,0.268335626113615
12.9020980548526,-0.0377237756268498,0.463177030545181
12.917841186924,-0.0331171281282022,0.637459763033285
12.9335843189954,-0.0271724738711394,0.784637788015173
12.9493274510669,-0.0201365579708079,0.899098586262762
12.9650705831383,-0.0122966356767459,0.976727066665051
12.9808137152097,-0.00396934679161247,1.01526517164688
12.9972738680769,0.00490037784753293,1.01310767355874
13.013734020944,0.0135610104107383,0.968239659840552
13.0301941738111,0.0216483482034691,0.883156397815773
13.0466543266782,0.0288364573003443,0.762245674407655
13.0663135585963,0.035859464809704,0.57901727428725
13.0859727905145,0.0407981357675656,0.364412025305341
13.1056320224326,0.0433756635229892,0.131213037188074
13.1252912543508,0.0434876388281279,-0.106938516881708
13.1453712583985,0.0411010682130001,-0.341319378864229
13.1654512624462,0.0363330528510835,-0.553351618064294
13.185531266494,0.0294671894899751,-0.731218243836118
13.2056112705417,0.0209270745278489,-0.865908666924341
13.2225650744773,0.0127906522088677,-0.941298454920524
13.2395188784129,0.00414881963956235,-0.978865800820815
13.2564726823485,-0.00465485990529045,-0.977710083389996
13.2734264862841,-0.0132793781805243,-0.938733142424579
13.2920404958463,-0.0221553750974503,-0.855250699660043
13.3106545054085,-0.0300132380359129,-0.733621130663884
13.3292685149707,-0.0365004371182363,-0.579984184204658
13.3478825245329,-0.0413481606625654,-0.401956076170983
13.365645628836,-0.0442711179070735,-0.21713871523661
13.3834087331391,-0.0454180063540193,-0.0255170618714145
13.4011718374421,-0.044754251723634,0.165175996571056
13.4189349417452,-0.0423298721484584,0.347545778636482
13.4366980460482,-0.0382640249890938,0.514754960540945
13.4544611503513,-0.0327239192941616,0.660545974038156
13.4722242546544,-0.0259315841664967,0.779688816326509
13.4899873589574,-0.0181577008809758,0.868342005833537
13.5084225400974,-0.00937579487792716,0.92539624237874
13.5268577212374,-0.00022123779182154,0.945154209889923
13.5452929023774,0.00894055137466031,0.927456902494227
13.5637280835174,0.0177548856999701,0.873874266333586
13.5841079461738,0.0266960111806896,0.776479621035929
13.6044878088302,0.0343894390469724,0.644169103687272
13.6248676714867,0.0404866110095549,0.48366709516437
13.6452475341431,0.0447367276323595,0.302972879170165
13.6646280617071,0.0469179567553037,0.120333572892118
13.6840085892712,0.0472045418109601,-0.065148983023517
13.7033891168352,0.0455983464626543,-0.246001408690257
13.7227696443992,0.0421890874316518,-0.415272298651962
13.7421501719633,0.0371367495836658,-0.566701857208889
13.7615306995273,0.0306489021970087,-0.69469323973191
13.7809112270913,0.0229854189748707,-0.794754119427112
13.8002917546554,0.0144500277132034,-0.86382306447864
13.8205625601954,0.00494843434117173,-0.901011769669651
13.8408333657355,-0.00475229544529223,-0.901505437813146
13.8611041712755,-0.0142604635582709,-0.865958780741631
13.8813749768156,-0.0232058124362339,-0.796681367652475
13.9042701197106,-0.0322114794146465,-0.682431545780095
13.9271652626057,-0.0396282489811718,-0.536232080048428
13.9500604055007,-0.0451051936472788,-0.365828673284827
13.9729555483958,-0.0484148929175934,-0.180028118655357
13.9943114454666,-0.0494440842950057,-0.0010056204467281
14.0156673425375,-0.048454937820702,0.175935690101547
14.0370232396083,-0.0455035690946615,0.343681975411635
14.0583791366791,-0.040736325733379,0.495868802326012
14.07973503375,-0.0343695324191727,0.626986683364951
14.1010909308208,-0.0266649945503442,0.732287418153577
14.1224468278917,-0.0179316246402114,0.808214084942425
14.1438027249625,-0.00851389494937107,0.852681131896063
14.1663382147086,0.00176611889417569,0.864647724040167
14.1888737044547,0.0119718132013314,0.840947037583369
14.2114091942008,0.0216851460859067,0.783274395851858
14.2339446839469,0.0305255781910908,0.694870016040558
14.260333916046,0.0393255698141316,0.558232908092263
14.2867231481451,0.0460084646436597,0.393764619802898
14.3131123802442,0.0502352821767224,0.210796475020029
14.3395016123433,0.0518349556039218,0.019410359867467
14.3689458771857,0.0504959380938935,-0.191760357412804
14.398390142028,0.0459715113765656,-0.387552769417464
14.4278344068704,0.0385664714034522,-0.556176508622631
14.4572786717128,0.0287970076702617,-0.688441242771002
14.4810758220003,0.0196176616182571,-0.764186765669364
14.5048729722878,0.00967727054214026,-0.809468267556831
14.5286701225754,-0.000634103379534889,-0.823207048343473
14.5524672728629,-0.0109236958370553,-0.805779209493249
14.5785673323238,-0.0217330905189724,-0.752732127436677
14.6046673917846,-0.031577955315014,-0.667312806818382
14.6307674512455,-0.0400352585236078,-0.554005991733898
14.6568675107063,-0.046768303812468,-0.418509527832636
14.6883894247349,-0.0522565971365584,-0.234459697954939
14.7199113387634,-0.0545629179851895,-0.03935597598329
14.751433252792,-0.0535762120578308,0.15486087611107
14.7829551668206,-0.0494303792883884,0.336888232958639
14.8088313541032,-0.0438867904383709,0.470035692226032
14.8347075413858,-0.0366525730840878,0.583370873950665
14.8605837286684,-0.0280212360210413,0.673039814474546
14.886459915951,-0.0183366964228974,0.736422584909594
14.9134861142921,-0.00750303243902175,0.772950571326875
14.9405123126332,0.00362789994902515,0.778445194913257
14.9675385109743,0.0146145379448286,0.753442337727717
14.9945647093154,0.0250384603651165,0.69984075446966
15.0250510532211,0.0356449996172938,0.608790297010797
15.0555373971267,0.0445501484210957,0.490393498397461
15.0860237410323,0.0513522235671964,0.350926405644338
15.1165100849379,0.0557816787389173,0.197507850143518
15.1517142149512,0.0577606217334939,0.0126871781616703
15.1869183449644,0.0563034355728312,-0.169517227319951
15.2221224749776,0.0515310286093437,-0.338540764649486
15.2573266049909,0.04379587921967,-0.485320034176887
15.286038270524,0.0356493984756779,-0.583387508413867
15.3147499360571,0.0261855459695345,-0.658604513486293
15.3434616015902,0.0157658300216991,-0.708810167302227
15.3721732671233,0.00477754505677421,-0.733009609005048
15.403582524248,-0.00742702931037903,-0.729743431752403
15.4349917813727,-0.019321119546438,-0.696388731133531
15.4664010384973,-0.0304186526800406,-0.635136473920349
15.497810295622,-0.0402911283722421,-0.549393660223126
15.5356966802532,-0.0500630198701139,-0.419485505626899
15.5735830648844,-0.0570002452108429,-0.268547021920999
15.6114694495156,-0.0607498092136339,-0.105595580797487
15.6493558341468,-0.0611866348737777,0.0600668186447616
15.688725460355,-0.058203065134865,0.225508940195764
15.7280950865632,-0.0519259146938682,0.375089531701092
15.7674647127713,-0.0427454152301652,0.501001873875353
15.8068343389795,-0.0312306002027052,0.597479500457508
15.8403617529194,-0.0200933399012708,0.65351550487059
15.8738891668592,-0.00819105949222447,0.683929404229945
15.9074165807991,0.00401793449853185,0.688319433629028
15.940943994739,0.0160814712546236,0.667436379171219
15.9782913945725,0.0288234389119697,0.616502431683331
16.0156387944059,0.0402909689298015,0.53951210589249
16.0529861942394,0.0500015544947939,0.440619107377567
16.0903335940728,0.0575828627528193,0.324848176751947
16.1340455563469,0.0634056313941682,0.175284599083262
16.1777575186209,0.0656733393739027,0.0191294507746026
16.2214694808949,0.0643102033729785,-0.134820493410515
16.2651814431689,0.0594838524940438,-0.278462868967636
16.3015799651278,0.0530722902881193,-0.385047593885059
16.3379784870868,0.0447545153675416,-0.476086717329583
16.3743770090457,0.0348525033823695,-0.548831866401474
16.4107755310046,0.0237378996128754,-0.601445361478803
16.450039411336,0.0108508773340025,-0.634478447150706
16.4893032916673,-0.00245804943839739,-0.642421315510789
16.5285671719987,-0.0156711940335872,-0.62578107795662
16.56783105233,-0.0282986550903043,-0.586126119816151
16.6121612585929,-0.041292470725035,-0.51670869629536
16.6564914648558,-0.0523852545649428,-0.425180549147132
16.7008216711188,-0.061103945898313,-0.3164514629043
16.7451518773817,-0.067123422355321,-0.196025860049263
16.7954639665266,-0.0704537083164789,-0.0523927525612407
16.8457760556716,-0.0699480879025682,0.0907961794399187
16.8960881448166,-0.0656948592134428,0.225934428962627
16.9464002339616,-0.0580170291199703,0.346446094955931
16.9884734339077,-0.0493221097478523,0.432029790777226
17.0305466338539,-0.0389044112096785,0.501062021402981
17.0726198338001,-0.027149968354468,0.551726867913527
17.1146930337462,-0.0144787609421676,0.5830491410561
17.161502049669,0.000165715572293362,0.594898121735508
17.2083110655917,0.0148028348311009,0.582948856473927
17.2551200815145,0.0288561259467716,0.548538526876091
17.3019290974372,0.0418039850099068,0.493938682648381
17.3568215620626,0.0549725431697699,0.408185653401896
17.411714026688,0.0653656132931932,0.304104720145839
17.4666064913134,0.0725177664607449,0.187575439232279
17.5214989559389,0.0761768006513237,0.0647798252863758
17.5806119634903,0.0761384075929607,-0.0675100263564454
17.6397249710416,0.0720532196539685,-0.192969335381004
17.698837978593,0.0642083321488378,-0.305373562805598
17.7579509861444,0.0531080743585806,-0.39977693016242
17.8088549337929,0.0414369479292328,-0.463803103859567
17.8597588814414,0.0282810149748577,-0.51003875799622
17.9106628290899,0.0141307566842005,-0.537534198723942
17.9615667767384,-0.000508764553433406,-0.546164721781035
18.0186001160043,-0.0168750144562185,-0.534146276140009
18.0756334552701,-0.0325449335169004,-0.500643132793295
18.1326667945359,-0.0468973868212737,-0.447896571531678
18.1897001338017,-0.059406091573498,-0.378887814495901
18.2563118281617,-0.0711195106631642,-0.282326847246393
18.3229235225217,-0.0792028971460692,-0.174097290474868
18.3895352168817,-0.0833264290841552,-0.0601238967218037
18.4561469112417,-0.0834120052075313,0.0538025009626131
18.5250784267821,-0.0793866572502199,0.165949696213207
18.5940099423224,-0.0714606368396605,0.267072737736329
18.6629414578628,-0.0600966338197248,0.352833117368569
18.7318729734032,-0.0459244234455686,0.420117416930548
18.794314722399,-0.0312759521841375,0.463439604127497
18.8567564713947,-0.0154904240203567,0.489093321943935
18.9191982203905,0.000845751266572587,0.496923856146829
18.9816399693863,0.0171567153492967,0.487521265217389
19.0524463378312,0.0349329043415352,0.457523102889351
19.1232527062761,0.0512285004798342,0.40918091172499
19.194059074721,0.0653997931784393,0.345360898792853
19.2648654431659,0.0769427682844811,0.269441519446429
19.3446561266672,0.0863468471940379,0.173932852168972
19.4244468101685,0.0915819060514418,0.0728880256911971
19.5042374936698,0.0924978686597914,-0.0286514275808061
19.5840281771711,0.0891919525260692,-0.126058650231905
19.6592506815452,0.0824678284361636,-0.210442724880451
19.7344731859194,0.0725819345537649,-0.284642002445942
19.8096956902935,0.0599772409421823,-0.346358719990159
19.8849181946676,0.045185967845084,-0.394031797502858
19.9622069342462,0.0283281633817229,-0.427444712361863
20.0394956738248,0.0104394733985894,-0.444633177836942
20.1167844134034,-0.0078192907047218,-0.445773628389376
20.194073152982,-0.0258129635965931,-0.431688482273673
20.2823373954229,-0.0452828714956393,-0.398690431923467
20.3706016378638,-0.0628295580223126,-0.349986715369322
20.4588658803047,-0.0777741393951037,-0.288439189650611
20.5471301227456,-0.0896063970609094,-0.217271432323742
20.6446611041906,-0.098643516764385,-0.131491065231458
20.7421920856357,-0.103151493409958,-0.0424912371538428
20.8397230670807,-0.103049684969968,0.0455572996566247
20.9372540485258,-0.0985021579443825,0.128935654823615
21.0279238405747,-0.0905936169671404,0.199461691866096
21.1185936326235,-0.0795107065549198,0.261072351818776
21.2092634246724,-0.0657141453682219,0.312125780107645
21.2999332167213,-0.0497390493873414,0.351547640063931
21.3973689756514,-0.0308058123822055,0.380303501854146
21.4948047345816,-0.0107641027082328,0.394730628730406
21.5922404935117,0.00965365867628719,0.395121194444288
21.6896762524418,0.0297502056692593,0.382312006758494
21.8016297721927,0.0516138796096987,0.352931537488212
21.9135832919436,0.071319759995995,0.31003465100234
22.0255368116945,0.0881305352806334,0.256210239548671
22.1374903314454,0.101498469507418,0.194306164579095
22.2596604004127,0.111725551757119,0.120968485825614
22.3818304693801,0.117111755839013,0.0451260719631221
22.5040005383475,0.117583552282436,-0.0298330059577002
22.6261706073149,0.113312181677475,-0.100923745343644
22.7436564772006,0.105069198105262,-0.163082617525935
22.8611423470864,0.0932007106479718,-0.217410876891291
22.9786282169721,0.0782235035500293,-0.262813407124303
23.0961140868578,0.0607205382891787,-0.298451461570404
23.2272325706033,0.038974317027052,-0.326072669556136
23.3583510543488,0.015767548882107,-0.340729869602891
23.4894695380943,-0.00801067189181544,-0.342745737994355
23.6205880218398,-0.0315174679072196,-0.332949593067058
23.7670589323628,-0.0565077990473058,-0.309526883412809
23.9135298428857,-0.0792270712180961,-0.27481045540877
24.0600007534086,-0.0988708966877279,-0.230982123896202
24.2064716639316,-0.114839362770294,-0.180390948213231
24.3657097446374,-0.127553994648499,-0.120487921797407
24.5249478253432,-0.13510497125991,-0.0582732301701816
24.684185906049,-0.137388792425649,0.00360753887315513
24.8434239867548,-0.134547104853882,0.0628485062461097
25.0057556925569,-0.126718910036588,0.118523992811343
25.1680873983591,-0.114377477381161,0.167794127860542
25.3304191041612,-0.0981164083553339,0.209421771602479
25.4927508099634,-0.0786297791547734,0.242635489361516
25.6631433492496,-0.0555282868656872,0.268051253128396
25.8335358885359,-0.0305809435215443,0.283702452437674
26.0039284278221,-0.00465728801132449,0.28984383891756
26.1743209671084,0.021416342262684,0.287064320603407
26.3749084120794,0.051271249014921,0.273504695468449
26.5754958570505,0.0791567586860124,0.250314468154308
26.7760833020215,0.104129950366977,0.219231486044815
26.9766707469926,0.125465829100584,0.182107505502575
27.1936985385162,0.14385278430841,0.137284644123384
27.4107263300398,0.156917527268502,0.0897481132028159
27.6277541215634,0.164444548243229,0.0414942853513647
27.844781913087,0.166465844623457,-0.0057383140182254
28.0948354024952,0.162273145839854,-0.0570108817498948
28.3448888919035,0.151620651637608,-0.103232827997987
28.5949423813118,0.135243921860924,-0.143105400055715
28.8449958707201,0.114045293223805,-0.175836202739784
29.0885809720776,0.089708951041323,-0.200511227310747
29.3321660734351,0.0626604615665806,-0.21800217339733
29.5757511747927,0.0338136008460744,-0.228493877258965
29.8193362761502,0.00404036310814217,-0.232399381442082
30.1136248150763,-0.0320154259146316,-0.229168062766077
30.4079133540024,-0.0669570447111111,-0.218337300592982
30.7022018929285,-0.0996887481411919,-0.201170075572305
30.9964904318546,-0.12933833866409,-0.178986369827138
31.3196836058154,-0.157565175723223,-0.150396504203995
31.6428767797761,-0.180635369925441,-0.118905306902772
31.9660699537369,-0.198157821430014,-0.0859300014771269
32.2892631276977,-0.209994975309571,-0.0526938318640937
32.7150669726734,-0.217047144231663,-0.0101969658626752
33.1408708176492,-0.214855282335551,0.0292215770119391
33.5666746626249,-0.204223050824032,0.0642999664885479
33.9924785076006,-0.186229300174182,0.0942906065140347
34.4049571384517,-0.162943011558651,0.118197888683161
34.8174357693028,-0.135001708500218,0.137006787664263
35.2299144001539,-0.103497481813943,0.150884282020747
35.6423930310049,-0.069468279127069,0.160161985694906
36.1313677484353,-0.0271714111792063,0.165821501995197
36.6203424658657,0.0159212184103159,0.166458963317216
37.1093171832961,0.0586119425796553,0.162912114434818
37.5982919007265,0.0999317580037094,0.156011047695304
38.1725140056972,0.145695035142313,0.144686967349734
38.7467361106678,0.187628817314483,0.130937974314215
39.3209582156385,0.225129451902127,0.115719584814955
39.8951803206091,0.257875169359041,0.0998188274235095
40.7543612017306,0.297832852737583,0.0760769437567609
41.613542082852,0.327274755898892,0.0536309670760216
42.4727229639735,0.346968699206143,0.0334009583940062
43.3319038450949,0.358034467450194,0.0158644925783545
44.3986384826671,0.36174655556285,-0.00199723865286916
45.4653731202393,0.356567402206352,-0.015727299445025
46.5321077578115,0.344698888505899,-0.0257472885862385
47.5988423953837,0.3280880774554,-0.0325897520808649
48.6755015844958,0.30819454066702,-0.0368786223212097
49.7521607736079,0.286466807593329,-0.0390904044353445
50.82881996272,0.263945963333183,-0.0397151927994218
51.9054791518321,0.24142665041123,-0.0391672336569298
51.9054791518321,0.24142665041123,-0.0393226836075299
53.2967559257441,0.213114870571077,-0.0374247469372377
54.688032699656,0.186522510608739,-0.034693653173018
56.079309473568,0.162117686692236,-0.0315429341864135
57.4705862474799,0.14010917690581,-0.0282595643743775
58.8618630213919,0.120503399645426,-0.0250243300318802
60.2531397953038,0.103220716306824,-0.0219529698745824
61.6444165692157,0.0881172916588795,-0.0191141567001874
63.0356933431277,0.0750105914675337,-0.0165421471406055
64.4269701170396,0.0636949306020278,-0.0142436956919875
65.8182468909516,0.0539718070594396,-0.0122124177338127
67.2095236648635,0.0456500930121616,-0.010433498188057
68.6008004387755,0.0385515352551188,-0.00888738742925307
69.9920772126874,0.0325124453947134,-0.00755122575942414
71.3833539865993,0.027387011693211,-0.0064019729965164
72.7746307605113,0.0230455335079821,-0.00541744650494029
74.1659075344232,0.0193744190120662,-0.0045770484845402
75.5571843083352,0.016275065431749,-0.00386179275640378
76.9484610822471,0.013661763689245,-0.00325449016976382
78.339737856159,0.0114604279872269,-0.00273988170649635
79.731014630071,0.00960775102701915,-0.00230464783279543
81.1222914039829,0.00805006999524643,-0.00193721926849665
82.5135681778949,0.00674122573489574,-0.00162746134536586
83.9048449518068,0.00564183808361204,-0.00136662917417404
85.2961217257187,0.00471864391609064,-0.00114726868361632
86.6873984996307,0.00394376861392896,-0.000963065123552879
88.0786752735426,0.00329333964806677,-0.000808572432260865
89.4699520474546,0.00274710743782166,-0.000679158008374885
90.8612288213665,0.00228805257960571,-0.000570923015690763
92.2525055952784,0.00190197558681502,-0.000480611780419148
93.6437823691904,0.0015766947195473,-0.000405451442337334
95.0350591431023,0.00130186305631818,-0.000343112764836798
96.4263359170143,0.0010687646479503,-0.000291659918475362
97.8176126909262,0.000870091941562961,-0.000249502812779507
99.2088894648382,0.000699465910729878,-0.000215322912003178
100.60016623875,0.000551367880155256,-0.000188045498706826
101.991443012662,0.000421054181169486,-0.000166807488166453
103.382719786574,0.000304428227749823,-0.000150936219656115
104.773996560486,0.00019767411868776,-0.000139940300179862
106.165273334398,9.72724885568119e-05,-0.000133483111881616
107.55655010831,0,-0.00013135582455364
